train_loss,val_loss,val_accuracy
1.0824592754244804,0.8427697777748108,66.43809523809524
0.9015337318181992,0.6663044333457947,69.88571428571429
0.8005735948681831,0.7392625689506531,71.39047619047619
0.7677103370428086,0.6343339323997498,73.63809523809525
0.7249165669083595,0.6202361822128296,76.5904761904762
0.6963850416243076,0.5874112129211426,75.23809523809524
0.6464797005057334,0.643710446357727,74.28571428571429
0.6496502801775932,0.6585059523582458,74.53333333333333
0.6174547217786313,0.6084200382232666,76.43809523809524
0.580787169188261,0.7067119836807251,75.08571428571429
0.5747823417186737,0.6206228613853455,75.4857142857143
0.5744850546121597,0.6671099543571473,75.14285714285714
0.548997699469328,0.6616873621940613,78.28571428571429
0.5383779674768447,0.636777687072754,77.08571428571429
0.49698118716478346,0.6581555783748627,75.88571428571429
0.48633157908916474,0.7195361375808715,74.68571428571428
0.5052897080779075,0.6940599679946899,77.7904761904762
0.4806598395109177,0.7726438879966736,75.23809523809524
0.49339890852570534,0.711133885383606,75.88571428571429
0.4370862409472466,0.7309886693954468,75.23809523809524


#END OF GRAPH
Reduced_DataSet: NO
Layers=2, Heads = 5
HiddenSize = 128
Learning Rate = 0.0001
Adam


Training complete! Best accuracy: 78.29%.
FINISHED TRAINING
EVALUATING
Average test loss: 0.7331, Accuracy: 0.7602
Precision: 0.7656, Recall: 0.7599, F1-score: 0.7611, AUC-ROC: 0.8399
Confusion Matrix: 
[[45  2  7  3]
 [ 1 56  9  5]
 [ 3  4 48 12]
 [ 1  7  5 38]]
Classification Report: 
              precision    recall  f1-score   support

           0       0.90      0.79      0.84        57
           1       0.81      0.79      0.80        71
           2       0.70      0.72      0.71        67
           3       0.66      0.75      0.70        51

    accuracy                           0.76       246
   macro avg       0.77      0.76      0.76       246
weighted avg       0.77      0.76      0.76       246