train_loss,val_loss,val_accuracy
1.2563816428184509,1.1047504663467407,54.47619047619047
1.0805904403328896,1.0457226991653443,52.87619047619048
1.0078980147838592,1.0088476657867431,62.38095238095239
0.8919103547930718,0.974499499797821,58.97142857142857
0.8153889290988445,0.9395375728607178,66.28571428571429
0.6905206136405468,0.9735613107681275,65.02857142857142
0.5479368813335895,0.9374112367630005,69.98095238095239
0.44928233064711093,1.1005080461502075,67.98095238095239
0.37722631767392156,1.913377594947815,67.58095238095238
0.3565435118973255,1.2963772058486938,69.27619047619048
0.3271224919706583,1.1365508675575255,69.67619047619048
0.2936580372974277,1.3899393677711487,66.47619047619048
0.2427164106629789,1.3171443939208984,68.22857142857143
0.2842382250353694,1.3726917862892152,69.02857142857142
0.21787073314189911,2.2464199542999266,66.62857142857142
0.24903521202504636,1.4095715165138245,72.28571428571429
0.15992611981928348,1.5328160524368286,67.42857142857142
0.15522325565107167,1.8448121309280396,67.18095238095239
0.1808002849575132,1.5635565519332886,66.07619047619048
0.11366079926956445,2.227274036407471,67.98095238095239

#END OF GRAPH
Reduced_DataSet: NO
HiddenSize = 128
Learning Rate = 0.01
Adam


Training complete! Best accuracy: 72.29%.
FINISHED TRAINING
EVALUATING
Average test loss: 1.4795, Accuracy: 0.6911
Precision: 0.6856, Recall: 0.6872, F1-score: 0.6840, AUC-ROC: 0.7918
Confusion Matrix: 
[[49  2  4  2]
 [ 0 57 12  2]
 [16  4 36 11]
 [ 2  7 14 28]]
Classification Report: 
              precision    recall  f1-score   support

           0       0.73      0.86      0.79        57
           1       0.81      0.80      0.81        71
           2       0.55      0.54      0.54        67
           3       0.65      0.55      0.60        51

    accuracy                           0.69       246
   macro avg       0.69      0.69      0.68       246
weighted avg       0.69      0.69      0.69       246
