train_loss,val_loss,val_accuracy
0.8958485215902329,0.7653222799301147,69.02857142857142
0.5095050565898418,0.726835834980011,76.03809523809524
0.25493907034397123,0.8298848271369934,74.19047619047619
0.10124335787259042,1.0398092031478883,72.83809523809524
0.05474478623364121,1.1572338461875915,72.83809523809524
0.030447484483011066,1.2151578903198241,72.5904761904762
0.029768341552698984,1.2704899072647096,73.23809523809524
0.026495965890353544,1.3480435848236083,74.43809523809524
0.02455329579534009,1.4199705123901367,70.28571428571429
0.024157589435344563,1.4744913101196289,72.03809523809524
0.02222715524258092,1.569557285308838,73.7904761904762
0.02174705229117535,1.6331121683120728,72.99047619047619
0.024040351013536566,1.697652769088745,71.08571428571429
0.02172697137866635,1.7725417375564576,71.88571428571429
0.02700540287187323,1.798535990715027,73.23809523809524
0.023858172709879,1.9645014524459838,70.53333333333333
0.035760984205990096,1.901965594291687,71.88571428571429
0.05681267336476594,1.9297223448753358,75.7904761904762
0.05869131349027157,2.4861714601516725,71.08571428571429
0.06327158687927295,2.700618863105774,70.83809523809524

#END OF GRAPH
Reduced_DataSet: NO
filter_sizes=[2, 3, 4],
num_filters=[50, 50, 50],
Learning Rate = 0.004
Adam


Training complete! Best accuracy: 76.04%.
FINISHED TRAINING
EVALUATING
Average test loss: 0.7336, Accuracy: 0.7236
Precision: 0.7451, Recall: 0.7326, F1-score: 0.7216, AUC-ROC: 0.8206
Confusion Matrix: 

[[43  3  7  4]
 [ 0 59  2 10]
 [ 2 14 31 20]
 [ 0  1  5 45]]

Classification Report: 

              precision    recall  f1-score   support

           0       0.96      0.75      0.84        57
           1       0.77      0.83      0.80        71
           2       0.69      0.46      0.55        67
           3       0.57      0.88      0.69        51

    accuracy                           0.72       246
   macro avg       0.75      0.73      0.72       246
weighted avg       0.75      0.72      0.72       246