train_loss,val_loss,val_accuracy
1.318935513496399,1.21564621925354,48.971428571428575
1.235013285279274,1.1673011779785156,55.12380952380952
1.2034946888685227,1.1716179847717285,57.42857142857142
1.1592508196830749,1.146071195602417,59.98095238095239
1.1000166624784469,1.1480201959609986,60.62857142857142
1.037998802959919,1.0918524026870728,63.82857142857142
0.9821998625993729,1.0777595043182373,65.88571428571429
0.9265892967581749,1.1065113306045533,63.27619047619048
0.9013468056917191,1.0960825443267823,64.32380952380952
0.8782238095998764,1.0804736137390136,65.82857142857142
0.8664612010121345,1.1083728551864624,62.22857142857142
0.8697726875543594,1.1039841175079346,63.27619047619048
0.8864643305540085,1.0968782901763916,64.47619047619048
0.8942101195454597,1.0802390813827514,66.07619047619048
0.8649442747235299,1.0512892961502076,68.22857142857143
0.8424027606844902,1.0634106993675232,67.42857142857142
0.8839342728257179,1.0943352460861206,64.38095238095238
0.8641735523939132,1.0606005668640137,67.98095238095239
0.8511017546057701,1.0617717504501343,67.18095238095239
0.8701508060097695,1.0929589748382569,65.02857142857142



#END OF GRAPH
Reduced_DataSet: NO
Layers=2, Bidirectional = True
Learning Rate = 0.001
HiddenSize = 128
Adam




Training complete! Best accuracy: 68.23%.
FINISHED TRAINING
EVALUATING
Average test loss: 0.9962, Accuracy: 0.7358
Precision: 0.7371, Recall: 0.7378, F1-score: 0.7362, AUC-ROC: 0.8246
Confusion Matrix: 
[[49  2  2  4]
 [ 1 56  9  5]
 [ 5 11 40 11]
 [ 0  7  8 36]]
Classification Report: 
              precision    recall  f1-score   support

           0       0.89      0.86      0.88        57
           1       0.74      0.79      0.76        71
           2       0.68      0.60      0.63        67
           3       0.64      0.71      0.67        51

    accuracy                           0.74       246
   macro avg       0.74      0.74      0.74       246
weighted avg       0.74      0.74      0.74       246