train_loss,val_loss,val_accuracy
1.3576693454031217,1.2878780364990234,42.85714285714285
1.2374506481623246,1.2358150482177734,49.523809523809526
1.144193382586463,1.0794581515448434,66.19047619047619
1.0817775968777932,1.0876027175358363,64.76190476190474
1.0399729690309298,1.1443269763674055,59.04761904761905
1.0510408464124648,1.2110486030578613,52.857142857142854
1.002568440922236,1.0985059142112732,62.857142857142854
1.0016424403352253,1.1134862729481287,62.38095238095237
1.0132702437497803,1.2439772912434168,49.047619047619044
0.9765503739906569,1.0624948569706507,66.66666666666667
0.948715762566712,1.1176018374306815,62.38095238095237
0.9423440331119602,1.0860229475157601,64.28571428571428
0.9205208946082551,1.0515081797327315,69.04761904761904
0.9415856448270506,1.0906853675842285,63.8095238095238
0.9166645134909678,1.070497487272535,67.14285714285714
0.9232058706930129,1.0996115122522627,64.28571428571429
0.9013283707327762,1.0763811298779078,66.19047619047619
0.8887614254224099,1.0616636276245117,68.09523809523809
0.8803419733451585,1.0620627743857247,68.57142857142857
0.876369064137087,1.0465182321412223,69.99999999999999

#END OF GRAPH
Reduced_DataSet: NO
Layers=2, Bidirectional = True
Learning Rate = 0.001
HiddenSize = 128
Dropout = 0.1
Adam



Training complete! Best accuracy: 70.00%.
FINISHED TRAINING
EVALUATING
Average test loss: 1.1380, Accuracy: 0.6175
Precision: 0.6439, Recall: 0.6209, F1-score: 0.6202, AUC-ROC: 0.7476
Confusion Matrix: 
[[33  6  9 11]
 [ 0 36 10 12]
 [ 7  1 31  7]
 [ 3  2 15 34]]
Classification Report: 
              precision    recall  f1-score   support

           0       0.77      0.56      0.65        59
           1       0.80      0.62      0.70        58
           2       0.48      0.67      0.56        46
           3       0.53      0.63      0.58        54

    accuracy                           0.62       217
   macro avg       0.64      0.62      0.62       217
weighted avg       0.66      0.62      0.62       217