train_loss,val_loss,val_accuracy
1.2031386615866322,1.2112186976841517,45.714285714285715
1.0642696568521404,1.1394929374967302,55.714285714285715
0.9848339587955152,1.1321968351091658,51.42857142857143
0.9519084156569788,1.0084264278411865,62.38095238095237
0.8745998821016086,1.0045723404203142,62.857142857142854
0.8425587264157958,1.0873650227274214,62.85714285714285
0.8175178564200967,0.977649816444942,62.38095238095237
0.7807072198997109,1.0221805231911796,62.38095238095237
0.7484844665406114,0.955243034022195,65.71428571428571
0.6983005389318628,1.1170443381581987,57.142857142857146
0.6910524519823366,1.0176669784954615,61.42857142857141
0.6382224615347587,1.0711571148463659,64.28571428571428
0.596350554187419,1.0660252826554435,62.857142857142854
0.5587601990012799,1.0362707121031625,66.19047619047618
0.542062520980835,1.1750473039490836,59.047619047619044
0.4864259049043817,1.0584663578442164,61.904761904761905
0.4133896114209951,1.187789968081883,59.52380952380952
0.33669955447568733,1.258512990815299,59.99999999999999
0.31439329753235234,1.3472807237080164,59.52380952380952
0.2537043612387221,1.4485002245221819,60.47619047619048

#END OF GRAPH
Reduced_DataSet: NO
Layers=3, Heads = 12
HiddenSize = 256
Learning Rate = 0.0001
Adam


Training complete! Best accuracy: 66.19%.
FINISHED TRAINING
EVALUATING
Average test loss: 1.0231, Accuracy: 0.6452
Precision: 0.6449, Recall: 0.6428, F1-score: 0.6394, AUC-ROC: 0.7625
Confusion Matrix: 
[[32  4  8 15]
 [ 0 48  5  5]
 [ 5  6 28  7]
 [ 7  7  8 32]]
Classification Report: 
              precision    recall  f1-score   support

           0       0.73      0.54      0.62        59
           1       0.74      0.83      0.78        58
           2       0.57      0.61      0.59        46
           3       0.54      0.59      0.57        54

    accuracy                           0.65       217
   macro avg       0.64      0.64      0.64       217
weighted avg       0.65      0.65      0.64       217