train_loss,val_loss,val_accuracy
1.3389187445074826,1.2733197552817208,39.047619047619044
1.2563606793597593,1.2130570241383143,40.476190476190474
1.1586146738569616,1.3155433450426375,43.333333333333336
1.0292817000615395,1.067545771598816,53.8095238095238
0.8658989071846008,1.1429414323398046,55.23809523809524
0.7286113894591897,1.2595757331166948,52.857142857142854
0.6249911830586902,1.3297092488833837,51.904761904761905
0.694726824760437,1.5340393611363001,55.238095238095234
0.47305004829067293,1.4640188898359026,58.09523809523809
0.5149104920989376,1.6851778711591447,56.666666666666664
0.46444459133229016,1.4703102537563868,54.76190476190476
0.34078420610246013,1.7103649037224906,60.952380952380956
0.28508659269092446,1.9006122606141227,57.61904761904761
0.23817423750030792,1.8318766696112496,60.952380952380956
0.3180634211433136,1.2766407217298235,61.42857142857143
0.25382612784535197,1.680389097758702,55.238095238095234
0.20584195269808425,3.171126570020403,53.8095238095238
0.3766662870865252,1.8015446152005876,51.90476190476191
0.3407464746890937,1.9082828589848109,56.19047619047618
0.17629131918646773,2.938246590750558,57.142857142857146


#END OF GRAPH
Reduced_DataSet: NO
HiddenSize = 256
Learning Rate = 0.1
Adam

Training complete! Best accuracy: 61.43%.
FINISHED TRAINING
EVALUATING
Average test loss: 1.3712, Accuracy: 0.6083
Precision: 0.6000, Recall: 0.5990, F1-score: 0.5994, AUC-ROC: 0.7345
Confusion Matrix: 
[[39  3  8  9]
 [ 1 43  7  7]
 [10  7 21  8]
 [ 9  4 12 29]]
Classification Report: 
              precision    recall  f1-score   support

           0       0.66      0.66      0.66        59
           1       0.75      0.74      0.75        58
           2       0.44      0.46      0.45        46
           3       0.55      0.54      0.54        54

    accuracy                           0.61       217
   macro avg       0.60      0.60      0.60       217
weighted avg       0.61      0.61      0.61       217