train_loss,val_loss,val_accuracy
1.3709129883071123,1.3505059821265084,49.04761904761905
1.331069431062472,1.3157434974397932,58.57142857142857
1.2842497502343129,1.2653926951544625,59.523809523809526
1.2249677484318362,1.1982102223805018,64.76190476190476
1.1536121327998274,1.1227899960109167,68.57142857142857
1.086847503306502,1.0617404750415258,67.6190476190476
1.0298563120728832,1.015504607132503,68.57142857142858
0.988200852426432,0.9853988374982562,68.57142857142858
0.955995658696708,0.9601243649210248,68.0952380952381
0.9285588708974547,0.9432430097035,68.0952380952381
0.9025946421138311,0.9284080522400993,67.61904761904762
0.8824731929827545,0.9158267293657575,68.09523809523809
0.8545959278688593,0.9058344875063215,66.66666666666667
0.8288828205254118,0.8971639190401349,65.71428571428571
0.8070455102597253,0.8862710680280413,66.19047619047619
0.7813652713420027,0.879867536681039,65.23809523809523
0.7581900721889431,0.8759879640170506,65.23809523809523
0.7420668728270773,0.8663628271647862,66.66666666666667
0.7181642954632387,0.8616045457976205,66.66666666666667
0.6924722881640418,0.8544694014957973,66.66666666666667

#END OF GRAPH
Reduced_DataSet: NO
filter_sizes=[2, 3, 4],
num_filters=[50, 50, 50],
Learning Rate = 0.0001
Dropout=0.1
Adam


Training complete! Best accuracy: 68.57%.
FINISHED TRAINING
EVALUATING
Average test loss: 1.0027, Accuracy: 0.6636
Precision: 0.6640, Recall: 0.6498, F1-score: 0.6419, AUC-ROC: 0.7684
Confusion Matrix: 
[[36  5  4 14]
 [ 2 54  2  0]
 [ 8 10 18 10]
 [ 5 10  3 36]]
Classification Report: 
              precision    recall  f1-score   support

           0       0.71      0.61      0.65        59
           1       0.68      0.93      0.79        58
           2       0.67      0.39      0.49        46
           3       0.60      0.67      0.63        54

    accuracy                           0.66       217
   macro avg       0.66      0.65      0.64       217
weighted avg       0.67      0.66      0.65       217