train_loss,val_loss,val_accuracy
1.1495275589135976,1.0411685407161713,58.54545454545455
1.0006108283996582,1.0549495220184326,61.81818181818181
0.9664052633138803,1.1038140952587128,63.81818181818181
0.9262281106068537,1.0208809077739716,66.0909090909091
0.889063129058251,1.0486955642700195,70.36363636363637
0.8593368438573984,1.0340448915958405,64.0909090909091
0.8455189879123981,1.0504237115383148,63.81818181818181
0.8249926979725177,1.0185788869857788,71.36363636363637
0.7915158409338731,0.9662380218505859,69.36363636363637
0.7755271196365356,0.9830676913261414,69.36363636363637
0.7405569690924424,1.1260680258274078,69.0909090909091
0.7303562164306641,1.0438251495361328,69.0909090909091
0.7018332710632911,1.0747261941432953,70.0909090909091
0.6865968543749589,1.0550737380981445,66.81818181818181
0.656376471886268,1.1153708696365356,64.81818181818181
0.6452650794616113,1.1718872785568237,71.0909090909091
0.6376617321601281,1.163424164056778,70.0909090909091
0.5987588396439185,1.307737112045288,59.272727272727266
0.5937873262625474,1.164141446352005,65.81818181818181
0.5920911339613107,1.2433058023452759,62.54545454545455
0.566370562865184,1.3170385360717773,57.0
0.5585551674549396,1.3242738842964172,64.54545454545455
0.5438211353925558,1.5079700946807861,56.0
0.5271494365655459,1.3538276553153992,58.0
0.5139905718656687,1.378132164478302,56.72727272727273
0.49602638299648577,1.4344456791877747,58.0
0.4854501715073219,1.4698189496994019,59.0
0.46626973839906544,1.5308669209480286,56.72727272727273
0.47069103442705595,1.5754822492599487,58.0
0.46123962906690746,1.6139565110206604,62.272727272727266


#STOPGRAPHDATA

Reduced_DataSet: YES
Encoder = 1, Heads = 1
Learning Rate = 0.00008
FeedForward = 64




Training complete! Best accuracy: 71.36%.
FINISHED TRAINING
EVALUATING
Average test loss: 0.7676, Accuracy: 0.7250
Precision: 0.7595, Recall: 0.7290, F1-score: 0.7326, AUC-ROC: 0.8189
Confusion Matrix: 
[[17  0  1  1]
 [ 0 15  5  2]
 [ 0  2 15  2]
 [ 0  1  8 11]]
Classification Report: 
              precision    recall  f1-score   support

           0       1.00      0.89      0.94        19
           1       0.83      0.68      0.75        22
           2       0.52      0.79      0.62        19
           3       0.69      0.55      0.61        20

    accuracy                           0.73        80
   macro avg       0.76      0.73      0.73        80
weighted avg       0.76      0.72      0.73        80

